id,text,user_id
1561867152650653698,"@Iexandre Extrema Imprensa esquerdopata segue com a persegui√ß√£o raivosa ao presidente Bolsonaro, onde estavam quando os petralhas estavam saqueando o Brasil!?!",1518697587804712967
1561867152629682179,"""Estamos em um governo sem corrup√ß√£o"" Fala de Bolsonaro.

A gargalhada que eu dei",1090007824762064896
1561867152575045640,T√° mto bom v√™ o bonner maluco com o Bolsonaro KKKKKKKMMMMKKKKKKKKK,814672899583963141
1561867152533094401,"fanfics de hoje:

william bonner incentiva o bolsonaro a ser ditador

estamos num governo sem corrup√ß√£o",951636002979876871
1561867152495443970,o mais assustador √© estar assistindo esse debate com mainha e ela estar DEFENDENDO bolsonaro kkkkkkkkkkkkk,1046506552574791685
1561867152331886592,@kimpaim BOLSONARO TRITURA.!!!,1512184299944095745
1561867152298315776,"""Voc√™ est√° me incentivando a ser um ditador.""
Presidente Jair Bolsonaro a um jornalista que perguntou sobre o Centr√£o ser a base do governo, quando ele acusava o Centr√£o de ser o caos da pol√≠tica.",20153591
1561867152151519232,"o c√©rebro de milh√µes do bolsonaro q n consegue gravar 4 nomes diferentes 
#BolsonaroNoJN #JN https://t.co/NvoYdvMGQo",1239644536827252737
1561867152008822790,me sentindo privilegiada por n√£o ter como ouvir bolsonaro na tv,1124107350384812033
1561867151908257792,"EDUCA√á√ÉO, BOLSONARO!",1343379468853915650
1561867151866302464,BOLSONARO MENTIROSO #JN https://t.co/HJjMXDTbj0,36490952
1561867151866224642,Caralho o bolsonaro t√° sendo bombardeado nos argumentos kkkkkkkk,1471277304454201348
1561867151836864514,"O Bolsonaro parece que t√° chapado caralho , perguntam sobre um assunto e o cara entende outra coisa , t√° engra√ßado dms kkkkkkkkkkkk",1546472574112210946
1561867151731998720,"Tava triste, a√≠ fui assistir o Bolsonaro na Globo e agr n paro de rir KKKKKKKKK mt bom, homem burro parece q tem d√©ficit",1561749990183141379
1561867151706832896,"se o Bonner ou a Renata falarem centr√£o mais uma vez, o Bolsonaro faz tal qual o filho e se caga nas cal√ßas",1288656199655841792
1561867151643918338,"A entrevista do Bolsonaro no #jn deveria vir com a TAG: ""As informa√ß√µes apresentadas aqui tratam-se de meras ilus√µes e n√£o refletem a realidade"".",1431837578857230341
1561867151539044352,O bolsonaro foge mais das perguntas do que o Dumfries vai pro ataque #ForaBolsonaro,998892103399862273
1561867151513878530,Bolsonaro pro Bonner ou Bonner pro Bolsonaro? https://t.co/U16cpvYTpy,217937132
1561867151476154369,"""O Bolsonaro"" indicou ministros tecnicos....
mas Onix √© altamente corrupto......",1522118011511279617
1561867151455264769,"Bolsonaro: meu governo √© sem corrup√ß√£o.

Menino, tu acredita nas mentiras que tu fala? #BolsonaroNoJN",1545287745614057472
1561867151430017024,"Eu odeio o bolsonaro, falo do fundo do meu cora√ß√£o e Deus que me perdoe mas eu ODEIO o bolsonaro",1158054627948072960
1561867151341920257,mais otario que o bolsonaro so o povo que cai no papo de um cara que n√£o consegue falar uma frase que fa√ßa sentido,1426161181648203778
1561867151262220288,Bolsonaro falando q n√£o tem corrup√ß√£o no governo dele KKKKKKKKKKKK a√≠ meu senhooooooor,1445161700886450176
1561867151144894466,Bolsonaro falando q o Bonner est√° estimulando ele a ser ditador . √â cada uma q esse cretino fala,180524067
1561867151077773313,D√° at√© vergonha de ver o Bolsonaro falando,361420301
1561867150909898752,bolsonaro fugindo da pergunta se √© ou n√£o do centrao,1318881023011266565
1561867150905823232,Renata n√£o jantou hj pq ela t√° com fome e vai comer o Bolsonaro todo ao vivo,1253680491942653952
1561867150872174592,A m√£o do Bolsonaro cheia de cola na entrevista KKKKKKK Vai toma no cu v√©i,968620771638693888
1561867150855479298,uau bolsonaro parab√©ns vc deu 600 reais de aux√≠lio ü´£üòÆüôèüèªüôèüèª parab√©ns por fazer o m√≠nimo por sua popula√ß√£o ‚ù§Ô∏è,1446238418233606155
1561867150708678657,"""qual √© a dificuldade de escolher um bom ministro da educa√ß√£o?""
a dificuldade √© que nenhum educador que se preze vai andar com Bolsonaro",17546422
1561867150675136514,"Ei Bolsonaro o Centrao existe desde a Constituinte de 1987 e voc√™ vem dizer que no seu tempo n√£o tinha? Zero em hist√≥ria,  zero em geografia,  zero em matem√°tica #JornalNacional",1247972193054658560
1561867150532513792,"Tenha vergonha nessa cara, Bonner! Sorrisinho de canto de boca parecendo rapariga ruim... Gra√ßas a Deus o Bolsonaro responde a tudo na maior tranquilidade! Tramontina cortando!

#bonnercaraderapariga
#BolsonaroReeleitoEm2022",1244784040286265344
1561867150528241666,"Capit√£o P√°tria envelheceu e ficou assim kkkkk

#BolsonaroNoJN #JornalNacional #Bolsonaro #bonner https://t.co/UOfwyezAIP",1087456250030444545
1561867150528217089,"Cada vez que o Bolsonaro come√ßa a macetar os coisinhas, eles mudam de assunto hahahahahahaha",1486114512726106122
1561867150528217088,"eu acabei de ver um tt de um cara flnd q Bolsonaro t√° botando pra fuder‚Ä¶

meu Deus essas horas eu queria ser analfabeto",1126294214352998400
1561867150368952320,"Nunca vi uma pessoa pra destorce tanto as coisas igual o Bolsonaro pqp, que cara rid√≠culo.",1462754568459141133
1561867150238826499,Bolsonaro corre das perguntas como o diabo corre da Cruz #Elei√ß√µes2022,2924172497
1561867150201085953,esse bolsonaro √© FEIO viu!?!,1206218033699708928
1561867150188580864,T√° a√≠ que n√£o sabia que o olho do Bolsonaro era azul,262289162
1561867150167531521,"Renata pegou um contrataque maravilhoso agora na sa√≠da de bola do Bolsonaro pqp kkkkkkkkkkkkkkkkkkk

Falando de ministros e na educa√ß√£o?",2715608470
1561867150121439232,"Bolsonaro t√° que nem eu em prova subjetiva quando eu n√£o sei a resposta. Enrola, fala nada com nada e da informa√ß√µes de vozes vindas do al√©m.",188794765
1561867150104887296,n√£o sei quem odeia mais o bolsonaro se sou eu ou o bonner,1268280040619479040
1561867149886586881,Bolsonaro faz quest√£o de n√£o ouvir e desconsiderar completamente a presen√ßa da Renata vasconcellos. √â um completo Machista!! #JornalNacional #BolsonaroMentiroso,1068862920300404736
1561867149529989120,"bolsonaro: sorry, era brincadeirinha",1224887825306353666
1561867149492322304,BOLSONARO FOGE DE TODAS AS PERGUNTAS!!! PORRA COMO QUE QUANDO EM 2018 N√ÉO EXISTIA CENTR√ÉO??? Se o TEMER √â DO CENTR√ÉO!!!!!!!!!! Meu Deussssssss,1393057975925936136
1561867149270028290,"""Voc√™ t√° me estimulando a ser ditador""

T√° l√° Bolsonaro lendo a Constitui√ß√£o sob uma foto de Ulysses Guimar√£es na parede, e William Bonner chega com um fac√£o, dizendo ""Vira ditador, porra! Bora!""",88960197
1561867149043548160,to curtindo todos os tweets falando mal do bolsonaro mas eu nem to vendo a entrevista porque nessa casa de POBRE n√£o tem televis√£o,1551932782905008128
1561867149022580736,"Renata para Bolsonaro: ""Qual √© a dificuldade de escolher um bom ministro da Educa√ß√£o?"" #BolsonaroNoJN",124600468
1561867148988923904,Ba esse bolsonaro se passa kkkkkk,1520969094954115074
1561867148905091072,"""No meu tempo n√£o era Centr√£o "" 
Oiiii???? Bolsonaro passando VERGONHA",486144769
1561867148850565120,"@kimpaim Bolsonaro respondendo ao Bonner qdo ele falou do Centrao: ‚ÄúVoc√™ est√° me incentivando a ser ditador!‚Äù
Bolso tramontina!",1951820624
1561867148791881728,o Bolsonaro tem sorte que os seus eleitores n√£o assistem a Globo porque essa entrevista t√° sendo deprimente pra ele #JN,1223801139725991938
1561867148775067649,"@djcarlao_ E deveria continuar, se fosse julgado conforme nossa lei prev√™. Mas n√£o foi, e hoje est√° solto, mesmo depois do mensal√£o. Eu quero que Lula se foda, mas n√£o tanto quanto eu gostaria que Bolsonaro fosse.",2805911708
1561867148745736193,@wtfislala ib: larica bolsonaro habladora de vdds üòò,1227631684885110786
1561867148229853184,A vontade do  Bolsonaro de descer a porrada no boner e fora de base üòπüòπ taca o pal neles presidente @jairbolsonaro,1466924255799652355
1561867148036898818,Bolsonaro s√≥ foge das perguntas ü§£ü§£ü§£ü§£,1633506930
1561867148020137985,Repare na palma da m√£o de Bolsonaro: Tem ‚Äúcolinha‚Äù para a prova do JN #BolsonaronoJN https://t.co/qBkteYUwZ9,864145466488967170
1561867147982376961,"porra. imagina falar que n√£o teve corrup√ß√£o no governo do bolsonaro. n√£o tem como n√£o, s√≥ sendo muito idiota para acreditar",195796154
1561867147961401344,Bolsonaro rei do humor,1047481108382851072
1561867147927748609,n√£o vai me descer nunca uma pessoa que votou no bolsonaro NUNCAAAA,1250998098681307136
1561867147906895872,@beluzziapi O Bolsonaro n fala nada com nada kkkkkkkkk,1446698626818916352
1561867147600592898,Quando uparem a entrevista do bolsonaro no xvideos me avisem,732713406134915075
1561867147462180864,o bolsonaro √© burro igual uma porta,1316908593220911105
1561867147151904774,Bolsonaro √© um merda,1113292188945924096
1561867147139289089,cade os gados do bolsonaro postando q a entrevista t√° sendo manipulada,1069683579859406850
1561867147101573120,governo sem corrup√ß√£o bolsonaro? tem certeza?,1281359866007826432
1561867147097395203,O Bolsonaro dizendo q vivemos num pa√≠s sem corrup√ß√£o https://t.co/I4ppdbuk0j,106743746
1561867147046961153,T√ÉO ENGOLINDO O BOLSONARO AO VIVO KKKKKKKKKKKKKKKKKK V√âIO MENTIROSO DA DESGRA√áA,1150930142442770432
1561867146854076416,"bolsonaro t√° parecendo eu, quando minha m√£e me enche de perguntas e eu n√£o sei responder nenhuma",1450199556822536193
1561867146635902981,Papacito bonner dando um show de senso no bolsonaro https://t.co/lG7hOD4eBp,3398161253
1561867146581393411,"@jornalnacional O papel da Renata √© interromper as falas do #Bolsonaro 
#globolixo",1085858252213112833
1561867146317205504,vendo o bolsonaro pagar vergonha ao vivo,1512915897903685634
1561867146271117315,"pra q assistir bolsonaro, quando se pode assistir barbie com ela? ü§∑‚Äç‚ôÇÔ∏è",1440152239650209797
1561867146262618112,"S√©rio, Bolsonaro fala nada com nada",1381019511248326656
1561867146031923200,N√£o consigo me acostumar com a feiura do Bolsonaro.,885481176177283072
1561867145973227523,bolsonaro me deixa PUTA s√≥ de ouvir ele falar,1291362098086400007
1561867145956540416,o bolsonaro no jornal nacional ta marcando o in√≠cio de um inferno em casa,1287135280017870850
1561867145948139525,metam murro no bolsonaro,1208431476691394561
1561867145881042946,tenho umas opini√µes aqui sobre a entrevista do Bolsonaro na globo mas tenho at√© medo de expor porque tenho medo de  levar um tiro,1262737237193572353
1561867145801306112,O BOLSONARO ACABOU DE FALAR QUE ESTAMOS NUM GOVERNO SEM CORRUP√á√ÉO MKKMMMMMKKKKKKKKKKKKKKKKKKKKKKKK AH VOU ME MATAR QUE HOMEM SEM NO√á√ÉO,1359103508268666880
1561867145474179072,Bolsonaro pegue o seu banquinho e saia de Fininho üé∂,1242071152052273152
1561867145428058117,apoia o bolsonaro pq tem dinheiro,1288083459588722688
1561867145339863042,"""Bonner, vc ta me estimulando a ser ditador."" Bolsonaro, vagabundo.
 #tchutchucaDoCentrao",448428598
1561867145289555969,"""Voc√™ est√° me obrigando a ser ditador..."" - Jair Bolsonaro, tchutchuca do Centr√£o.",111054065
1561867145247707137,"#bolsonaro e #lula s√£o a mesma coisa, s√≥ n√£o enxergar extremistas alienados. simples.",1443185017832853510
1561867145142747138,"achei essa √∫ltima pergunta meio sem nexo. bolsonaro n√£o √© do centr√£o e nunca vai ser, a posi√ß√£o dele √© bem clara.",1096814805644726272
1561867144979255298,essa entrevista de candidato com o bolsonaro n√£o prometia nada e entregou tudo,1274690521995325441
1561867144920432641,ado ado ado algu√©m mata bolsonaro,1261717759693590530
1561867144824070145,"T√° dando pra sentir o cheiro do √≥dio e do veneno do Bonner e da Renata aqui de casa. 
Aceita que vai ter Bolsonaro at√© 2026, queridos. üòÇ",913144237260197894
1561867144823971841,"@drviniciussp N√£o, s√≥ quem √© mau car√°ter q t√°, a come√ßar pelo bolsonaro q foi engolido por eles pq √© p√©ssimo",3192748233
1561867144786214914,"qual a dificuldade de escolher um bom ministro, bolsonaro? ü§åüèºü§åüèºü§åüèº",989997280441896962
1561867144702345217,"Vou votar no Bolsonaro? NAO .... vou votar no Lula? tamb√©m N√ÉO, de jeito nenhum, nem pagando ... eu n√£o esque√ßo tudo que ele fez, todos os esquemas de corrup√ß√£o, tudo que ele deixou de fazer, a seguran√ßa do Brasil com o Lula tava uma merda tamb√©m",839113651827191808
1561867144538865664,@AdadLelia BOLSONARO REELEITO PRIMEIRO TURNO üáßüá∑üáßüá∑üáßüá∑üáßüá∑üáßüá∑ #GloboLixo,1389203307344891905
1561867144501100544,a √∫nica pessoa q mente mais q o bolsonaro √© o *****,824261881758183430
1561867144345931779,"Olha os lixos interrompendo de novo o Presidente Bolsonaro!!!!

#GloboLixo",776476600678412288
1561867144215896064,Bolsonaro nem pra ser pol√≠tico mentiroso serve pq n√£o sabe o m√≠nimo de comunica√ß√£o persuasiva,1432471918897213444
1561867144031338498,@gabsbsbz uma crente q n√£o apoia o Bolsonaro?,1320899133176225793
1561867143968423944,"(Bolsonaro) voc√™ est√° me estimulando a ser ditador?
(Bonner) Eu candidato? [Sendo eloso]
(Bolsonaro) Sim, voc√™. 

ü§£ Melhor parte at√© agora de #BolsonaroNoJN",73558107
1561867143884509186,eu ouvindo o bolsonaro falando s√≥ merda e mentindo na cara dura https://t.co/uUYFffXgf1,2854845976
1561867143771308032,Bonner estimulando Bolsonaro a ser ditados Kakakakakakakak #JornalNacional,1407775424885706754
1561867110074269698,"Bolsonazi fica sem resposta e come√ßa: mas o PT isso, o PT aquilo. Sem capacidade de ret√≥rica, de racioc√≠nio. Pessoa mais ignorante que existe! #ForaBolsonaro #JornalNacional",356650866
1561867029174419458,"N√£o sei como o Bonner consegue fazer algumas perguntas a bolsonazi, com tanta naturalidade, sem rir. Acho que eu n√£o conseguiria.",1491585949800747010
1561867023273140228,bolsonazi vtnc,1335708737668079616
1561866979987832832,@pauloviskk T√° comendo o c* do Bolsonazi 21:00 hrs da noite em rede nacional,760641178287108096
1561866492773339141,"Bolsonazi: ""Voc√™ t√° me estimulando a ser um ditador...""
Bonner: ""eu??""
N√£o Bolsonazi, ele quer voc√™ sendo s√≥ a TCHUTCHUCA DO CENTR√ÉO.",1499209872654618624
1561866210190544899,Bolsonazi precisa de est√≠mulo para ser ditador?,1058068765588549633
1561866107354505220,O Pantanal do Bolsonazi pega fogo sozinho. https://t.co/rkJhpGT3PS,1561421292087250945
1561866083035906048,O Bonner citando o youtuber que chamou o Bolsonazi de Tchutchuca do Centr√£o KKKKKKKKKKKKK. #JN #JornalNacional,30869331
1561865984293625858,Um mentiroso via Embratel. Bolsonazi no JN. Inacredit√°vel. O cara √© um lixo de ser humano!,1004177711521259520
1561865625781280769,"gente, vcs tao passando raiva a toa com bolsonazi, ele t√° 0 preocupado com a repercuss√£o negativa ou com as fake news pq o que importa pra blogueira do planalto √© criar midia pro gado, impulsionar os grupos do telegram, soltar o apito de cachorro etc",1430732677649477633
1561865237606928384,"@camargo_jobson S√≥ um fascist√£o do caralho, daqueles da Nova Resist√™ncia que andam com sol negro no peito, n√£o querem revanche contra o Bolsonazi.
Pal mol√£o sentiu legal o bafo do Danones no cangote.",1442846866098507781
1561865120560648200,bolsonazi,49524315
1561864997600432129,"Amando que no meu pr√©dio um vizinho bolsonazi resolveu colocar o hino nacional e a bandeira do Brasil na sacada e a maioria dos vizinhos respondeu, em coro, gritando 'Bolsona**, vai tomar no c*', batendo panelas e tudo!",1417074550597095432
1561864977572659200,O Bolsonazi mente na cara de pau mesmo puta que pariu https://t.co/WdKIu8Etfh,1434712634868355072
1561864969133690882,"5 segundos de fala, Bolsonazi joga umas 10 fake news kkkkkkkkk

#PrefiroCiro",1225377167586078721
1561864901072666625,era melhor ter ficando em casa hein bolsonazi KKKKK,1092870190373789696
1561864811683667974,"Pior de tudo, bolsonazi acredita piamente que ele foi o mais inteligente do mundo e acertou sobre a pandemia. Sabia mais que especialistas do mundo inteiro ... meu Deus que falta de mod√©stia",892556989594816513
1561864774023086081,@MUFCuriosidades Penaldete √© pior que bolsonazi.,1093212391016407042
1561864653172609024,"Quando o Bolsonazi falar uma palavra inteira, sem engolir s√≠labas, eu voto nele. Que l√≠ngua nojenta.",762131278342787072
1561864610495578119,E a Renata Vasconcellos comendo o c* do Bolsonazi em rede nacional.,388554032
1561864576140017666,"Eu tenho uma repulsa t√£o grande por esse filho duma puta desse Bolsonazi, que n√£o aguento nem ouvir a voz",4450501121
1561864451984351233,ainda bem que n√£o estou vendo essas mentiras que est√£o sendo proferidas pelo genocida do bolsoliro vulgo bolsonazi,1431126648238247937
1561864198048698368,"Bonner tem um desprezo por esse cara t√£o grande que d√° pra sentir daqui
Bolsonazi √© muito mau car√°ter p√¥ pelamor de deus merm√£o n√£o tem condi√ß√µes 
#JornalNacional",1177485679
1561864144055406592,Bolsonazi √© dissimulado e um mentiroso contumaz segundo a entrevista que est√° dando no jornal nacional,35846941
1561864003114225664,A c√∫tis do Bolsonazi est√° cada vez mais saud√°vel nas c√¢meras da Globo em 4K no Jornal Nacional. https://t.co/hZxHgd9hoD,3135363629
1561864002220834816,"gosto mt de ver o bolsonazi todo nervosinho, vai cair filha da putaaaa",22713123
1561863911682482176,"#LulaNoPrimeiroTurno
Bolsonazi imitando pessoas com falta de ar duante a pandemia video: https://t.co/I5zrS9RmCA",1636440948
1561863824176816128,"gente, quantas vezes bolsonazi vai mentir/mentiu??? ja quero mat√©ria pra me informar kkkk #jornalnacional",95741490
1561863805163929611,Bolsonazi t√° pior que üí© #ForaBolsonaro,1058864186107875328
1561863579132895232,tudo de pior que existe nesse mundo eu desejo pra esse verme bolsonazi,1459326528030924805
1561863249523621894,"Zero est√¥mago pra ver Bolsonazi,boa sorte a quem for assistir.",58258923
1561863225716707328,@DilmaeFICA Ela est√° super calma. Kkkk. Admirando  eles jantando o Bolsonazi.,4389500122
1561862894928674816,"@folha Tu t√° se fazendo de p√£o pra levar lingui√ßa n√© BOLSONAZI!!! Verme.
MENTIROSO NO JN",1491646161102516225
1561862828348301313,"Bolsonazi voc√™ √©  podre e sujo, olha o mentiroso no Jornal Nacional! #JornalNacional",1242291010740215809
1561862803463471104,A Renata Vasconcelos j√° podia dar uma cadeirada na cabe√ßa do Bolsonazi,319397846
1561862701625872388,"Da vontade de chorar de tanta raiva desse bolsonazi 

#panela√ßo MENTIROSO NO JN LULA ELEITO",74357174
1561862688438980608,bolsonazi fazendo propaganda eleitoral com auxilio emergencial em vez de responder as perguntas como n√≥s esper√°vamos,3305156037
1561862659494010880,Bolsonazi devia sair dessa entrevista no Jornal Nacional direto para a cadeia!,1561455104783532037
1561862181465063424,"Esse CUest√£o do Bolsonazi me d√≥i a pleura de t√£o tosco. Despreparado, raso, debochado. Eu nunca vou entender esse desastre na hist√≥ria do Brasil.",1317813912897769472
1561862078289387520,cara como o bolsonazi √© nojento burro burro e mentiroso!!!!! #for√ßabonner #bonner,575628770
1561862060388106240,"PQP Jornal Nacional n√£o joguem a bola p/ Bolsonazi cortar, peguem duro c/ ele como pegaram c/ Haddad! N√£o deixem ele passar fake news impunimente!",1286419465509494786
1561861880314040322,"Bolsonazi sendo mascetado por Bonner e Renatta aovivasso, eu nunca fui t√£o feliz
 #JornalNacional https://t.co/zW7pqYxbWP",1296102736442818560
1561861793529593857,"Bonner e Renata pisando com classe no Bolsonazi 

Nunca sorri tanto vendo o Jornal",24960409
1561861716241162241,@jornalnacional comendo o cy do bolsonazi! Mano! T√° um freak show! T√£o chutando sem d√≥! Chuta mais!,213705093
1561861690727272449,William bonner e renata vasconcelos saibam que vcs s√£o fodas pqp que did√°tica que perguntas pqp vc est√£o comendo o cu do bolsonazi,1354098130590035968
1561861573626544128,Ame o S√£o Paulo e odeie o bolsonazi https://t.co/D7XO3cMJX6,1561413696894734336
1561861234286333954,"Eu t√¥ amando o tom sereno, quase aveludado de Bonner com Bolsonazi. Calmo e debochado como mandam as tradi√ß√µes. #JN #ForaBolsonaro",115672482
1561861168750370817,o bonner chamando o bolsonazi de ‚Äúcandidato‚Äù e nao de ‚Äúpresidente‚Äù &gt;&gt;&gt;&gt;&gt;&gt;&gt;,1268727996699074560
1561860998507675648,"um monte de gente xingando o bolsonazi aqui na rua, um cara foi e gritou ‚Äúluladr√£o. aqui √© bolsonaro caralho‚Äù

o povo tudo mandando o v√©io tomar no cu kkkkkkkkkkkkkkkkkkkkkkkkkk",1497594443268079624
1561860535980904448,J√° sei que bolsonazi t√° falando na tv https://t.co/j1ZU8IwWFy,1302239444897017858
1561860473519308800,"Admiro o Bonner viu? 
Como debater com o Bolsonazi sem sair no soco?",876324434235326464
1561860200952483844,BOLSONAZI MENTIROSO,56121134
1561860043464646656,@UOL O servi√ßal do Bolsonazi. https://t.co/3RgXjB1eV1,23138365
1561859867010367489,que delicia o bonner comendo o chicote do bolsonazi kkkkkkkkkkk,69931241
1561859823028822016,Ser√° poss√≠vel que a Globo vai continuar dando palanque para esse Bolsonazi falar mais mentiras...,1242287903633334272
1561859616249679872,o bonner  cumprimentando o bolsonazi #JornalHoje https://t.co/akIl2O4wqa,1018187442145366016
1561859500335923200,Banner come√ßa pulando com os dois p√©s no peito de Bolsonazi,1305409277302059010
1561858994146144256,Bonner com os 2 p√©s no peito do bolsonazi .,4783048154
1561858953876840450,William Bonner j√° chegou com o p√© no peito do Bolsonazi kakakakakakakakakakakakak,1358919417413988354
1561858901682884614,vim pra casa da minha madrinha s√≥ pra assistir a entrevista do bolsonazi e esculachar o maluko genocida,1349813349505245184
1561857445667999749,"Do est√∫dio, a Globo tinha que colocar duas jornalistas mulheres para entrevistar o Bolsonazi. Uma negra. Ideal era pegar pergunta de telespectadores tamb√©m, um parente de v√≠tima da Covid e outro desempregado.",1007771113
1561856803884998657,Come√ßar a bolar o baseado que jaja tem bolsonazi no jornal nacional,37178646
1561856518953336835,"ZERO est√¥mago pra ver essa entrevista com o Bolsonazi. Vou me guardar pra ver meu Presidente!
#LulaPresidente13 #ForaBolsonaro",1129852331078627329
1561856070548602881,"URGENTE!!!! O banana estragada, vulgo Eduardo Bolsonazi, surtou hoje e escorreu na pr√≥pria casca rsrs Bananinha tenha calma e trabalha porque voc√™ √© pago pra isso, ali√°s .. a fam√≠lia inteira est√° a anos sem fazer nada e sendo paga n√© ?! https://t.co/x4gPxGrDeJ",1325549334818152449
1561855522701283331,"Passarei longe, mas ser√° que o @jornalnacional vai ser a putinha do bolsonazi hoje, como foi em 2018?",262958286
1561852805773672448,Ainda sobre Eduardo Bolsonazi https://t.co/9ZbYVohjhT,1531805392950403072
1561849615112192002,Ser√° que o Bolsonazi vai mesmo no JN?,1334850822224621568
1561849411759742982,@Jujuca1987 @matheusagostin @Hupsel Ela ficou at√© mais bonita depois que deixou o BolsoNazi!,3409276133
1561847226086875136,"Mais sobre Eduardo Bolsonazi, e sua forma de lidar com o povo: https://t.co/xr1irYLz8V",267943427
1561846567572836352,"Ser√° que o bolsonazi vai explicar o significado de ""tchutchuca do centr√£o""?",218490119
1561845670486720512,@kahdpy @PAGODElRO Vou te bloquear sua bolsonazi,1048570522467028993
1561843321517084672,@tomphillipsin Bolsonazi is a disgrace.,806998724077637632
1561842915881648135,@BrazilFight Aqui o careca vai meter o Bolsonazi no pared√£o.kkk https://t.co/F5ZR5E0AHa,1509197065762623495
1561842641259712513,"@BrazilFight O filha da puta tem sangue nas m√£os, Bolsonazi armou o PCC depois de ter matado milh√µes de Brasileiros na Pandemia.
#ForaBolsonaroGenocida https://t.co/YSrIfolcN1",4054778842
1561839449964781568,@cirogomes SE TIVE SEGUNDO TURNO ENTAO VAMO VER VOCE ABRACADO NO BOLSONAZI?,898598990354292737
1561837121542971392,"@brunomeyerfeld Toujours mieux que le laisser-faire, laisser-aller du Bolsonazi.",198466226
1561836173626343424,@AugustoNPistola Corrige a√≠ ‚Ä¶ lute CONTRA o bolsonazi porque sua vida depende disso a√≠ talkei!!!,51067076
1561835034562240513,@carol6m1 @AlencarGil1 @terrordonordste E quem disse o contr√°rio? Vc disse que Ciro n√£o venceria Bolsonazi. Estou apenas mostrando que venceria.,173632526
1561834361602932736,"√â pat√©tico ver a imprensa acreditando na ‚Äúmudan√ßa‚Äù  do discurso de Bolsonazi sobre urnas e democracia.
N√£o √© poss√≠vel tanta ingenuidadeü•¥ü§¶‚Äç‚ôÇÔ∏è",1514698465363828738
1561833173746581507,"@ciro_nogueira Quero ver at√© quando o Sr vai estar com o Bolsonazi‚Ä¶ quando ele perder, vou contar quanto tempo vai demorar para v.excrement√≠ssima mudar de lado! 
Eu aposto em algo como 15 dias‚Ä¶ se muito!",50494584
1561833051369398272,"@RC310848 @luciana_da mas os dem√¥nios j√° est√£o ai tem 4 anos... o bolsonazi, evang√©licos, pastore$",363096462
1561826853874241538,"@gsaramago @terrordonordste Preferiram fazer o pa√≠s sangrar por 4 anos nas m√£os de Bolsonazi para poder voltar agora, sem explicar as contradi√ß√µes e o envolvimento do PT nos diversos casos de corrup√ß√£o. O v√≠deo n√£o √© de Ciro, √© Delfim Netto contando a trai√ß√£o. Ciro n√£o ficou perdeu a confian√ßa e a amizade.",1149520360028557312
1561823654782156802,Bolsonazi j√° passou mal ou vai no JN mesmo?,1197304774145773568
1561821598700736513,@LucianoHangBr Vai v√©io... tomar no seu cool... vaza do Br... pallll no seu cooll v√©io... fala como se fosse essencial pro Br.... vc √© um bosta como o Bolsonazi... v√©io cuzaaao... vai s3 f0d3r,2267180826
1561820480394432515,Hoje tem Bolsonazi no JN! Quero ver o pau quebrar!,1379931550612066304
1561820220901187584,"@guiarauj0afc @DonaLuciaHexa Hahahahah passou. Hoje tem! Ali√°s, bem na hora da entrevista do Bolsonazi no JN...",1105790674945884166
1561813425684201473,"Ent√£o hoje o dem√¥nio estar√° em sua casa, na Globo, n√©? 
#forademonio #bolsonazi",636204298
1561809705567141889,Fl√°vio Rachadinha falou que o Bolsonazi vai falar hoje no #JornalNacional tudo de bom o que o governo fez durante esses 4 anos. A entrevista vai durar 45 segundos.,1561864277576794112
1561808988164988929,"Vai ter panela√ßo hoje durante a entrevista do Bolsonazi no #JornalNacional. O ideal serie enfiar a panela no cy dele, com √≥leo fervendo.",861033981474721792
1561805663940055043,@GuilhermeBoulos gentinha da pior esp√©cie esses bolsonazi,1319269729937358848
1561804670556938241,E uma tranqueira dessas ainda se elegeu Deputado. Os Bolsonazi s√£o uma desgra√ßa pol√≠tica! https://t.co/VL4DD0Aq10,2571262929
1561797331204427777,"@OGloboPolitica Gado √© com bolsonazi. Lula est√° com o pov√£o!
#LulaPresidente13",1370559050082086912
1561794320579043329,Padr√£o! Falta educa√ß√£o b√°sica para a Familicia BolsoNazi #ForaBolsonaro https://t.co/qN0zwmLOH2,1242154434219716608
1561794266418106368,"@nytimes Bolsonazi ( Bolsonaro) is a fascist, an ecocidal. Bolsonazi  is a disgrace, an International pariah.",1508823878717554693
1561792245052739584,@matheusagostin Pior q nem cora√ß√£o isso n√£o √© rs deve ser um peda√ßo de carne seca q os portuga mandaram pra zoar com a cara do Bolsonazi hahaha,2200379845
1561791358305697792,"@cirogomes Voc√™ s√≥ faz atrapalhar... t√° querendo que BolsoNazi passe mais 4 anos torturando os brasileiros e brasileiras, n√£o √© ????",1514700602764414979
1561789023114432514,"Hoje veremos o Bolsonazi passar vergonha durante 40 minutos no #JornalNacional. Com um pouco de sorte ele vai fingir um desmaio e encerrar antes, para o nosso deleite completo.",1398379000829988885
1561786822069559296,"@cirogomes T√° sabendo que na √∫ltima pesquisa voc√™ caiu 2% e o Bolsonazi subiu 2%? Pois √©, parab√©ns, sua t√°tica est√° dando certo....",1264400416499998720
1561778709195014144,toma-lhe indireta pra bolsonazi o dia inteiro com dados carai,1418048648479481858
1561777582235963392,@ricelliaubert_ @Maucarvalho N√£o sinta! L√° pelos idos de 80 e poucos dei de cara com ele numa loja. Era lindo!!! N√£o tinha como saber q viraria bolsonazi. E depois arrependido!!!,1196533551627411456
1561867156584906754,eu brigando com o namorado de uma das minhas melhores amigas por causa de bozo,1385385072749129730
1561867153871183873,Globo virou xvideos?? Bonner e Renatinha Comendo o cu do boz√≥ sem d√≥ kakakakakaakk,770426489066098688
1561867153602711553,"""Voc√™ (WILLIAM BONNER) est√° me estimulando a ser ditador...""

DISSE O CARA QUE ENALTECEU O PER√çODO DE DITADURA MILITAR DURANTE TODA SUA JORNADA NA POLITICA!

Esse cara √© um canalha! 

#JornalNacional
#Bozo",3923178321
1561867153397137409,"Bonner e Renatinha macetando o bozo üî•üî•üî•
#JornalNacional",50092459
1561867153372053504,@drealmeida_ t√° lacrando demais em cima do bozo KKKKKKK,1514074767095177220
1561867153166413824,VAI RENATAAAAAA MDS AAAA MACETANDO O BOZO AMOOOO,1256392430271762432
1561867151677571072,"@nikolas_dm Vai te fuder 
O boz√≥ n√£o respondeu uma pergunta clara hahahahhahahahaha",1160855388062912513
1561867151664889856,"mano pq o bozo n√£o consegue responder uma pergunta normal, s√≥ fica enrolando e falando nada com nada",1268071127923994625
1561867151455227904,"ODEIO o bozo como poucas vezes odiei algo na vida, LIXO",22700615
1561867150285053952,@ofelipefontoura Bozo vai meter um atestado m√©dico,36078444
1561867149966295042,bonner e renata apenas baforando o bozoüíòüíòüíò,1472580262873767946
1561867148884152323,"bonner metendo o louco no bozo, eu amo gnt",1088193357787078656
1561867148687036417,"bozo, vc ganhou meu cora√ß√£o hj.",868541384940290048
1561867148175220737,"""estamos num governo sem corrup√ß√£o. Eu sempre indiquei ministro por crit√©rio t√©cnico""
Bozo mentindo em cadeia nacional https://t.co/PpLEP1IwuG",405111212
1561867148020023296,Bozo governo padr√£o üí©üí©üí©,1075539910537502726
1561867147487354883,"Compartilho do mesmo sentimento:
Fora Bozo!
#PanelacoForaBolsonaro 
#manaus https://t.co/uw0nFhpIWT",1297542756815052802
1561867147223130113,"S√ì FALTOU O BONNER, CHAMAR O BOZO DE THUTHUCA DO CENTR√ÉO #JornalNacional #panela√ßo MENTIROSO NO JN #ForaBolsonaro https://t.co/JrpS1iw4P9",812734755083091968
1561867146816274432,"Jogaram a verder pra colher madura!

Pegaram o Bozo!",1210709199900033024
1561867146422009856,""" n√≥s estamos sem corrup√ß√£o no meu governo"" kkkkkkkkkkk Bozo tchutchuca sem no√ß√£o mente demais",904076995289546752
1561867145985892354,"Bozo meu filho, voc√™ enrola muito",1270168832007720966
1561867145268662272,t√¥ amando o bonner MACETANDO o bozo,1181353843625463808
1561867144878587904,"O Bozo tentando fugir das perguntas 

O Bonner e a Renata: 
#ForaBolsonaro https://t.co/qesOLMcgFV#ForaBolsonaro",878661666535297024
1561867144475938816,Assistindo a entrevista do JN com o Bozo n√£o sei mais se estou vivendo ou s√≥ esperando os memes.,1529999352273436673
1561867144350007297,@CNNBrasil Eita lai√°. @LulaOficial  processa humoristas e qdo √© o sr pode?   Palha√ßada ...a.diferen√ßa emtre vcs e o bozo √© a cor da bandeira lameada do nosso pa√≠s   lamentavel,1483597174093094916
1561867144282914816,"Bonner e Renata macetando o boz√≥ kkkkkkk 
Eu amooooo",1220943146311475200
1561867143939072001,o bozo s√≥ confirma que ele √© o pior presidente que o brasil j√° teve,1021582206576349190
1561867143309926401,"A verdade √© que o Bozo n√£o respondeu nada, e o Bonner e a Renata s√≥ atacou, porra vai tomar no c√∫ os tr√™s, muda Brasil",709230360807264256
1561867142949179393,William Bonner t√° sem massagem cuspindo fatos contra o bozo kkkk,3381008848
1561867142936596480,"Queria estar assistindo a entrevista do Bozo mas simplesmente n√£o consigo com os meus pais, N√ÉO D√Å",1537909591308046336
1561867141867085824,bozo extremamente dissimulado tmnc,2688261719
1561867141460131840,"rapaz
nem eu bebendo todas eu chego nesse mundo paralelo do bozo viu",1301887111948312577
1561867141321818112,"Isso t√° muito bom mano, boz√≥ se perdeu no personagem https://t.co/8cSoQu5rAS",96644748
1561867141284069376,Boner e Renata t√£o jantando o bozo,982431936923783170
1561867141263101959,N√£o t√¥ entendendo mais nada que essa desgra√ßa est√° falando #ForaBolsonaro #BolsonaroNoJN #bozo https://t.co/tLtjCTiLjB,20777248
1561867141154062337,bozo √© tao sonso a cara nem treme,274227631
1561867140311007238,O bozo mete fake news ao vivoooo kkkkkkkkkkkkkkkkkkkkkkkkkkkk realmente √© mito kkkkkkkkkkkkkkkkkkkkkkkkkkkk,1058380875455496193
1561867140189364225,@GuilhermeBoulos O Bonner t√° fazendo um esfor√ßo para tratar o Bozo como crian√ßa.üòÇüòÇüòÇ,1174811181246230530
1561867139795001344,s√≥ a voz desse bozo j√° me irrita,1262880000296071168
1561867139727986688,Renata falando da corrup√ß√£o no MEC e o bozo chorando kkkkkkkkkkkkk,1875563108
1561867139212103682,BOZO VOC√ä √â UM CANALHA,829834371674804228
1561867138595524610,q √≥dio o bozo n√£o deixa eles falaaaaremmmm,726820396025143297
1561867137844666368,"Renata Vasconcellos se produziu toda pra macetar o Bozo. Amei?

#jn #JornalNacional https://t.co/OsCuCt3aNZ",91016591
1561867137467269121,#ForaBolsonaro #bozo #Mentiroso #BolsonaroNaCadeia,717894137916297216
1561867136636788736,Gente bozo e uma piada .,169901340
1561867136498286592,T√î QUASE SENTINDO PENA DO BOZO NO JORNAL NACIONAL,952739650103402496
1561867134212489219,@nicinhacttt Entrevista do bozo,1069861465283129346
1561867133084131328,VAI BOZO FALA qual a dificuldade de escolher um bom ministro da educa√ß√£o?,1334950939099324418
1561867133025488899,Na do Bonner tamb√©m. S√≥ medicado pra n√£o dar umas porradas nesse traste do bozo https://t.co/LvCf7d0NEX,57019790
1561867131788075010,pika do bonner desse tamanho no cu do bozo ü•∞üòç https://t.co/XJ9h0P7Tsp,1424519122038239233
1561867131343577094,"@Louback_Celia @allandospanos Gadosa se fosse por seu Sr, seu deus,o rei do gado bozo, nem vacina teriamos.",2307040825
1561867130961891328,Sem argumentos em bozo KKKKKK,765786819661266944
1561867130936741888,@jornalnacional √â hoje que o Bozo infarta!!,1297915093192146945
1561867130320166914,"A√≠ ai ai...

Bozo falou q seu governo n√£o tem corrup√ß√£o. 
Citando a canalhada ""padrao"" vagabundos

#BolsonaroMentiroso 

#MINTOAOVIVO",1127712420305211392
1561867129758121986,"O Bolsonaro Mente virou pleonasmo

O cara segue o roteiro fantasioso da cabe√ßa dele pra tapear o povo

Mitomania, e da√≠ que vem o ""mito"", s√≥ pode

Vaza logo, Bozo

#BolsonaroNoJN",1337203435574358016
1561867128910888967,Porn√¥ ao vivo na Globo Wiliam bonner comendo cu da bozo,2827984369
1561867128764043266,"@leticiaarsenio Eu acho que t√° legal, bozo precisa ouvir certas coisas na cara.",1245539783247646720
1561867128004919297,Boz√≥ do c√©u üòÇüòÇüòÇ @Drumond_Simone https://t.co/FL7vuP6xm7 https://t.co/zCkhwEZ15M,1043619255827226624
1561867127899955200,Voadora do Willian Boner no peito do bozo! Sabe demais sobre meio ambiente n√©?! E ainda tinha coisas anotadas na m√£o!!!,4530172043
1561867127690350595,O BOZO COM COLA NA M√ÉO KEKDKDKDK https://t.co/a0HW0Icpjz,1462136071685345290
1561867127220731904,"World trends this morning
#Bonner
#JornalNacional
#ForaBolsonaro
#BolsonaroNoJN
#Bozo
#GloboLixo
#Liverpool
#ÂÆÆËàò„É©„É¥„Ç£„ÉÉ„Éà„ÅßÈªíÈ´™„Å´
#Martinez
#Milner
#Charlie
#Cristina
#Klopp
#O_Bolsonaro
#MENTIROSO_NO_JN
#Amaz√¥nia
#Rashford
#Malacia
#Maguire
#Fauci
https://t.co/tSpDtH5vhw https://t.co/E9JYJEyAXh",1475972516011253762
1561867126071336962,"pqp o bozo fala mais doq tem argumento, al√©m de ser sem educa√ß√£o pra krl.",32168184
1561867125194727424,"Eu espero que a globo jogue na cara do Lula as merdas que ele fez, assim como est√£o jogando na cara do Bozo! Quem sabe assim entra na cabe√ßa das pessoas que a gente pode escolher sim uma 3¬™ op√ß√£o.",1321979601502031874
1561867125093957632,"a Renata e o bonner MACETANDO o bozo com a maior classe do mundo, os maiores viu amorz√£o",854477796671983616
1561867121222721538,@mfriasoficial Fora Bozo!,1488841436032376837
1561867120635510784,"Cara...o Bozo √©  t√£o mentiroso,descarado q minha tv bugou kkkkkk
Claro arruma ai essa bodega!#ForaBolsonaro",214673134
1561867120195018752,Bonner t√° jantando o bozo em rede nacional üòÇüòÇüòÇüòÇ,1533642314144526337
1561867119851184129,Tive que parar meu treino e fazer bike na academia s√≥ para ver essa entrevista do Bozo. Que micao KKKKKK,177982535
1561867118588706817,"Meu pai falando que se o Bolsonaro ganhar o Brasil vai virar um pa√≠s de primeiro mundo ano que vem e vai ultrapassar os EUA

#ForaBolsonaro 
 #JornalNacional
Bozo/ jornal nacional https://t.co/h8vFzzKf0y",345363965
1561867116218818562,kkkkkkkkkkk Bozo est√° tonto kkkkkkkkkk,1474107375128915972
1561867116143431682,"V√£o com calma ao falar mal do Bozo, n√£o consigo curtir tudo!!!",1507460822481649664
1561867115791097858,"S√©rio q tem q ainda vai votar no bozo ??? A√≠ gente , vamos viver n√©",1440908921821188096
1561867115610644487,"n√£o t√¥ conseguindo entender nada que o bozo t√° falando (gaguejando demais)
#BolsonaroNoJN",1357484550738345984
1561867114700488704,mds o bozo aqui na tv do curso ‚ò†Ô∏è,1076866072228319232
1561867113903673347,Bozo https://t.co/PlcfnyOi6R,68770316
1561867112980824064,Bonner e Renata macetando p Bozo sem nem cuspir #ForaBolsonaro,1354247476472066051
1561867112863481856,@VGGUKMlN Seus pais apoia o bozo?,1408454350230507520
1561867111793827840,Renata acabando com o bozo √© a minha religi√£o üó£üó£üó£üó£üó£ https://t.co/hUddiYq1qe,791084340495151105
1561867111714246657,Bonner t√° comendo o cu de bozo,1431822992431099905
1561867111257055233,Essa cola do bozo na m√£o est√° pior que as colas que eu fazia na 6¬™ s√©rie‚Ä¶,1395553665084178432
1561867109059141632,#BolsonaroNoJN #BolsonaroMentiroso #bozo #bolsolixo https://t.co/0WJcbRA1tf,221094490
1561867108258021378,Deve ser insuport√°vel entrevistar o Bozo e n√£o ter uma pergunta respondida de acordo com o que foi perguntado,806671691053154307
1561867108174143489,"s√≥ a turma que acha esse imbecil do bozo ""debochado"" que vota nele",45178806
1561867107159183360,jss o bozo,1159845173515264001
1561867106811092994,"@APrimeiraVia olha, se era pro JN ajudar o Lulla passando o ""CAT 795F"" em cima do Bozo... vai mesmo dar Ciro no 2¬∫ turno...",74942647
1561867106790113280,"‚ÄúGoverno sem corrup√ß√£o‚Äù
Corta pra ele colocando segredo de 100 anos em tudo dele #bozo #JornalNacional #bonner #renatavasconcelos #debatenaglobo",59289768
1561867106550939652,"O Bozo foi do PPB, atual Progressista, do Paulo Maluf, que sempre foi do Centr√£o. Canalha.",52971317
1561867106509066249,"O Boz√≥ mente tanto e a cara nem treme, em qual multiverso esse senhor vive

#BolsonaroNoJN
#JornalNacional 
#ForaBolsonaro https://t.co/GzafOogUeu",4004263173
1561867106353831939,Boz√≥ come√ßou a falar troquei pra Globo News.,1558834478721732610
1561867104919371782,EU ESPERO Q O BONNER E O BOZO CAIAM NO SOCO AT√â O FINAL!!!!!!!,950551558739066880
1561867104193748995,"mn, liguei a tv aq, ta quase saindo porrada verbalmente do bozo com bonner KAKAKAKAKAKAKAK",1560597737934045185
1561867103715659780,A cara do boz√≥ n√£o globo kkkkkkkkkkkkkkkk esse cara √© uma com√©dia pqp,1051489226209067009
1561867102218326018,Bonner macetando o bozo üòÅüòÅüòÅ #BolsonaroNoJN,32947930
1561867101748559876,@KajuruWR @LaposaWr Bozo no JN,599690516
1561867101094252544,A√≠ esse bozo t√° me irritando,1333189535056990210
1561867099332550656,Os bolsominion dodoizinho pq o Bonner e a Renata t√£o comendo o cu do bozo,1456733407640174595
1561867097759776769,@SRodeigo üëèüëèüëèüëèüëèüëèüëè para seu pai. Bozo √© um lico,767050416412565504
1561867096211980289,Bonner  Elei√ß√µes 2022  Bozo  #ForaBolsonaro  #GloboLixo no tempo dele n√£o tinha centr√£o. https://t.co/pEFzwk0uny,2796597928
1561867096052715520,Ministros padr√£o bozo de qualidade üí©#BolsonaroNoJN,1003078955774152704
1561867094672785410,"Entrevista do Bolsonaro tinha que ser tipo da Ana Clara no papo com o eliminado (ali√°s, nome bom pra entrevista com o Bozo) que ela tinha VT de tudo pra jogar na cara.",1291011854211457026
1561867093452230656,"Gente, que mico esse Bozo! Que micooooo!
#JN",1631020056
1561867090927157250,@Prlucinho #Fora Bolsomerda,1550683367896670208
1561867025252847621,"Padr√£o de merda esses seus ministros, n√©? #ForaBolsonaro #JornalNacional #JN #Bolsomerda",1365260125133541377
1561866942780100608,Bolsomerda faz mais firula que tudo pra responder cara fraco d+,1135334387858444289
1561866693391138817,"mais fd que eu, s√≥ o bolsomerda na globo üòÖüòÇüòÇ",1293975435106287625
1561866678081929217,"Tava demorando citar o famoso "" e o PT""... pqp vergonhoso bolsomerda",1343635848
1561866649329967105,"#bolsolixo #bolsobosta #bolsomerda tira o pt da boca kkkkk, n tem argumentos",1382062750009065472
1561866615788113923,"Nojento, filho da puta. 
Esse arrombado sair vou comemorar tanto. Vai tomar no cu, Bolsomerda.",1363930695207370757
1561866596913750019,William Bonner doido pra espancar o Bolsomerda,1375857219191865346
1561866538809950208,"#BolsonaroMentiroso 
Quero o Bonner chamado o bolsomerda de tchutchuca do centr√£o https://t.co/WU34B0gUCJ",2544341827
1561866412523753472,"da nojo de olhar pra esse caraü§¢ü§¢,
vai toma no cu bolsomerda",1066103405553303552
1561866357985132544,"Eu t√¥ rindo tanto do Bolsomerda nessa entrevista,juro,a burrice dele me rendeu as mais altas doses de serotonina que um ser humano chega",1538387394864586752
1561866352817852417,"20 minutos de entrevista e bolsomerda mentiu em TODAS as respostas, n√£o estou surpresa",902506540493623296
1561866316042100738,bolsomerda s√≥ fala MERDA ü§¢,3119209246
1561866310312656898,como o bolsomerda consegue ser muita vergonha alheia,1105141925433278464
1561866262036226048,Quem apoiar eu ir l√° e dar um tiro no bolsomerda,4063588264
1561866253509312512,"A cada frase que Bolsomerda fala, eu me sinto mais inteligente",1307512194519707648
1561866092016009216,Pensei que o Bonner ia falar TCHUCHUCA DO CENTR√ÉO #JornalNacional #JN #ForaBolsonaro #Bolsomerda #Salnorabo,1242597438344527872
1561865967952592897,Bolsonaro no Jornal Nacional e eu em aula. Queria estar assistindo o bonner e a renata acabando com o bolsomerda,3397519721
1561865870787371010,o bolsomerda n√£o consegue acompanhar o qi do bonner e da renata inacredit√°vel como esse homem n√£o tem MEIO NEUR√îNIO FUNCIONANDO,2982165281
1561865556696989698,"Kakakaka bolsomerda e uma gra√ßa tudo que falam com ele √© mentira, s√≥ existe 182863748 mat√©rias mostrando tudo que ele t√° falando que e Ko kkkk",1239634350142107648
1561865365684199424,"t√° bolsomerda cala boca, tas falando muita merda j√° ü§£ü§£ü§£",1524379527421509634
1561865293856661505,que vontade de socar a cara do bolsomerda at√© ele cuspir os dentes,874365020
1561865211853901825,deu a entender agora que o bolsomerda √© afavor do desmatamento,1051595402338807810
1561865177926172673,"Meio ambiente referente ao Brasil, ele vai pra Europa‚Ä¶ NADA COM NADA, SEM NO√á√ÉO bolsomerda",3198117910
1561865041934163971,esse bolsomerda √© uma piada n√© akakakakakakakakakakaka mds,787374187442757632
1561865030471192576,"5 min de entrevista com o bolsomerda e j√° gritei 30x com a televis√£o 
#burro
#conveniente",923735437478387717
1561864954302578688,to perdendo o bolsomerda na jn mas pelo menos to estudando,4840206922
1561864925483597825,"@fwelton_ Simm, rodeia rodeia e nd.. enfim o bolsomerda",1148427662337236993
1561864910920978434,esqueci de ver bolsomerda no jn,52513966
1561864884786184195,"Macetando Bolsomerda, RENATA EU TE AMO ‚ù§Ô∏è‚ù§Ô∏è‚ù§Ô∏è‚ù§Ô∏è #jairpreso https://t.co/zsILK0tV5w",1270530099545243648
1561864803651670017,"Bolsomerda √© tipo: ""ah X coisa t√° uma merda mas essa coisa tamb√©m t√° uma merda nos Estados Unidos""

J√° ouviram a express√£o ""gozar com o pau dos outros""? 

O cara faz o contr√°rio, broxa com o pau dos outros

IMPRESSIONANTE",1346254067564216320
1561864770923397120,EU REALMENTE N CONSIGO ENTENDER QUEM COJITA EM VOTAR NO BOLSOMERDA PPRT https://t.co/RgQ5YBqZeG,1214251984020070407
1561864703311286275,‚Äú uma coisa √© inc√™ndio natural outro √© desmatamento ‚Äù chupa essa bolsomerda,1172989294232948737
1561864635992739840,"O ribeirinho que toda fogo na floresta e destroi tudo, √© isso üñïüèº
Vai tomar no teu cu Bolsomerda.
#ForaBolsonaro #JornalNacional #eibolsonarovaitomarnocu",1415859923028692993
1561864627776004096,"bolsomerda atropelando a fala da jornalista
v√° si fude",867137903209721857
1561864580393046016,Bolsomerda levando uma surra de vdds...t√° quase surtando....kkkkk,863520948321996801
1561864500655054849,Bolsonaro √© um merda mesmo n√©‚Ä¶ ‚ÄúPorque n√£o se fala da Fran√ßa que t√° pegando fogo?‚Äù Porque a gente mora no Brasil bolsomerda,391614274
1561864317292650497,o Bolsomerda ta com colinha na mao KKKKKKKKKKK que vergonha,1487540445525819395
1561864225701695490,os bolsominions t√£o tudo puta da vida pq o william e a renata t√£o hablando na cara feiosa desse bolsomerda  #JN #JornalNacional #BolsonaroNoJN,1470413061408571392
1561864060756426753,contando os dias pra esse Bolsomerda meter logo o p√©,1374968720880189440
1561863798222426117,""" lamento as mortes""

Bolsomerda e genocida.",899063428567924736
1561863775464017920,q delicia a renata e o bonner macetando o bolsomerda e meus meus pais quietinhos,913171779396521985
1561863707096977412,macetando o bolsomerda https://t.co/gt0Ah1oOF7,2519343384
1561863677766148098,Bonner lanchando o Bolsomerda ao vivo!!! üëèüèæüëèüèæüëèüèæüëèüèæüëèüèæ,1244740817744547841
1561863425675993090,TOMAR NO UC BOLSOMERDA DESGRA√áADO DO CRLH https://t.co/o8ctFtSDEI,1388237586393702400
1561863295916822528,Bolsomerda no jn,2385555950
1561863288459239424,Bonner charlando na cara do Bolsomerda,89777375
1561863270172172288,dando boas risadas com essa entrevista do bolsomerda,50436860
1561863180233723907,"bolsomerda n√£o tem nem peito pra admitir as coisas que fala v√©i, pqp kkkkkkkk",1090589790200909829
1561863155730497536,Eu n√£o perco nem meu tempo vendo esse bolsomerda falar bosta em pleno hor√°rio nobre ü§Æ,1107872687202988032
1561863140605829124,"Renata e William Bonner eu amo voc√™s!! coloca esse bolsomerda no lugar dele, nojento fdp",54087094
1561863092065148928,Bolsomerda,1132490955188318209
1561863049404944387,"eu n√£o consegui assistir dois minutos da entrevista do bolsomerda gente, juro

mas tomara q o Bonner macete esse velho asqueroso",234412135
1561863033072369671,comentando sobre a entrevista do bolsomerda,1249532753667854342
1561862948909367296,De novo ele falando da OMS concordando com ele kkkkkkkkkkkkk mundinho bolsomerda de realidade alternativa,3050094157
1561862941280030720,Bolsomerda responde o que t√£o te perguntando kkkkkkkkkk,1382742246
1561862937282854914,Bonner j√° come√ßou a entrevista com bolsomerda macetando ele bonito ü§£ü§£,1004501723484913666
1561862871277002753,Vontade de dar um tapa na cara desse bolsomerda,1159084641409744898
1561862792117981187,ELE NAO RESPONDENDO QUE √ìDIO VAI SE FUDER BOLSOMERDA,1376698766141579264
1561862702405910530,kkkkk ele n√£o tem nem argumento vaaai renata soca esse bolsomerda,1236317286392303616
1561862662056714241,Bolsomerda t√° mais escorregadio que sabonete... fugindo de todas as perguntas.,61648248
1561862658701365249,BOLSOMERDA JANTADOOOOOOOOOOOO JANTADOOOOOOOOO LIXOOOOOOOO,991351572234989568
1561862485904445440,"Ele dizendo que n√£o imitou pessoas com falta de ar , esse cara √© um merda mentiroso!!! #ForaBolsonaro #JN #JornalNacional #Bolsomerda.",1461437730450202629
1561862435593756674,"N√£o sei o que t√° pior:
Esse Inter ou a entrevista do bolsomerda",561873629
1561862383102033926,caralho bolsomerda cala boca,1254383624796938240
1561862354501083136,@melhoryas ele t√° macetando o bolsomerda,1150424411687870464
1561862263744696321,William Bonner t√° a cara do deboche nessa entrevista com o Bolsomerda #jn #JornalNacional #eleicoes,1101275122999181314
1561862251732148224,Bonner merendando o Bolsomerda na P!k4 √© tudo. HABLA MESMO BONNER #JornalNacional,1440377825115054092
1561862171830751238,"Caralho, Bolsomerda mente que nem sente!

√â uma m√°quina de mentira! 

At√© hoje o cara falando merda de Lockdown e tratamento precoce",1273715163074572292
1561862169930698753,"que VERGONHA de ter o bolsomerda como presidente pelo amor de deus, ele so fala merda",187677312
1561862052444082177,sim Bolsomerda meu av√¥ morreu por culpa sua seu desgracado mentiroso do inferno q n√£o comprou a vacina a tempo,1539444636703510529
1561862051143770112,vendo o bolsomerda passar vergonha,3370841709
1561862008978522112,"Pornografia na globo , Bonner e Renata comendo o cu do Bolsomerda",1238661591614308353
1561862006440853505,"Como  esse Bolsomerda, √© rid√≠culo",773320478643589124
1561861973930901504,Eu amoooo a RENATA jantando o Bolsomerda,1452460609501634566
1561861938254323714,sabe nem fala esse bolsomerda KSKSKSK,954377748138659840
1561861815209975808,Mds Bolsomerda citando literatura portuguesa no @jornalnacional hahahahahhahaah,71330730
1561861732405874689,esse bolsomerda mente que n√£o t√° nem a√≠ n√©?,802598825802264576
1561861724801826824,Boatos que o Bonner t√° jantando o Bolsomerda na TV üòÇüî•,1265435228643962880
1561861678962282497,‚ÄúVoc√™s dois se vacinaram com vacinas compradas por mim‚Äù QUE FDP VAI SE FVDEEEEEEER BOLSOMERDA,1094904712548270080
1561861588990279681,AHAHAHA T√î AMANDOOO A GLOBO ESCULACHANDO O BOLSOMERDA,49163001
1561861583726415872,o Bolsomerda e o William bonner mostrando claramente que se odeiamkkkkkkkkkkkkkkk,72588939
1561861536540499969,"""eu comprei a vacina que vc tomou""

depois de milh√µes de mortes, ME AJUDE BOLSOMERDA",1551337485246124032
1561861508086509569,O Bonner humilha mesmo o bolsomerda kkkkkkkkkkk amo,980168748
1561861394303275008,O bolsomerda na Globo t√° parecendo uma cena de The office,1127309188659544064
1561861363626135552,Bolsomerda ta levando uma surra no JN kkkkkkkkkkkkk eita como √© rid√≠culo em tudo que se prop√µe,1220156225339437059
1561861339143864321,esse bolsomerda tem q ir √© numa fonoaudi√≥loga p aprender a falar direito,946126795484598272
1561861247120904193,william bonner j√° come√ßou jantando o bolsomerda,1360026659626381312
1561861212740222978,mas esse Bolsomerda √© um bund√£o mesmo,420490397
1561861179764576268,"nossaaaa renata, mais socos no bolsomerda",783427969654091776
1561861177071833088,RENATA TA MACETANDO BOLSOMERDA,1219504957675667456
1561861096050462721,Bolsomerda ta neuvoso kkkkk,1212726707964145664
1561860960029122566,"Bolsomerda em rede nacional, e eu s√≥ me pergunto, como? Comooooo? Como esse homem virou presidente?
√â uma anta!",422878668
1561860917125861377,"meu deus, o Bonner t√° jantando o Bolsomerda",1502034819458416643
1561860853275795458,O Bonner jantando o bolsomerda ao vivo kkkkkkk,1068645141739708416
1561860772472520709,Meu namorado deve t√° assistindo essa entrevista xingando horrores o bolsomerda kkkkkkkkk,1484603522461192197
1561860739597565955,"amo o jeito que o bonner fala com ele, no olhar a gente v√™ que ele quer socar o bolsomerda",1436464920636399630
1561860712431058944,Boner est√° jantando o bolsomerda!,1513714754392580103
1561860710698782721,kkjjsjss bolsomerda,3386045938
1561860597645512705,@araujovn1 Bolsomerda t√° puto kkkkkkkkkkk,1232842080617103363
1561866829903036420,Bolsomito colocando a Bichona no bolso.,1475991032504410120
1561866760227364865,@_Analoves1D Tem que torcer pro nosso representante bolsomito üôè,4561961897
1561866685761654787,@marinagualdi Bolsomito,1557859794811338753
1561866620955508739,@JornalOGlobo Bolsomito,757418693047488512
1561866603708416000,@mariidebiasi o bolsomito falou que a gnt ia virar jacare pq da literatura brasileira mariüòÖüòÖüòÖ,1505137178363498501
1561866456245092352,"#Globolixo lixo do coc√¥ do bandido!!!

Tomaaaaaa! ""Voc√™ est√° me estimulando a ser ditador!!""BOLSOMITO",787779506484436998
1561866379514585089,BOLSOMITO CALA LOGO A BOCA DESSE IDIOTA DO BONNER,1425262405521747970
1561866358463291394,"minhs melhor amiga √© igual o bolsomito: quando vc acha que n√£o pode piorar, piora",865007759661572098
1561866238824947712,Terminando a noite assistindo o Bolsomito no Jnü§©ü§©ü§©,1243591558080987140
1561866205094445058,#bolsomito,1058585716438040576
1561866178548711424,Bonner: com qual intuito n√£o se deve destruir o maquin√°rios?                           Bolsomito: CUMPRIR A LEI!!!,1330999354375745536
1561866077532987393,ESSE BOLSOMITO EH O MAIOR BARATO KKKKKKKKKKKKKKKKKKKKKKKKKK,1383141267819933702
1561866056964128774,"@babi Quando o bolsomito t√° amassando esses lixos, eles querem trocar de assunto kkkkkkk o cara vai sair mais forte do q entrou",1420438926586753030
1561865888705519617,@FALCAOFEMTO bolsomito ate 2030,1055226040145055744
1561865817721131009,"Os questionamentos, ora prim√°rios, ora partid√°rios, do JN Jornal Nicrot√©rio feitos ao presidente BolsoMito mostrar a decad√™ncia da imprensa brasileira, sendo e tendo a Rede Globo poder de influ√™ncia e destrui√ß√£o de reputa√ß√µes em favor de interesses escusos.",1336817842054946821
1561865535738060802,"aguarde os clipes no canal ""cortes do bolsomito""",1437462518172114948
1561865460701880320,Globolixo ta fazendo o Bolsomito se reeleger hahahaha lindoo demais üáßüá∑,1444158331623510016
1561865279977701376,"o mundo se preocupa com o desmatamento da Amaz√¥nia, menos o bolsomito",1250185573094039554
1561865017515036673,Bolsomito üòÖ,1522447460374925315
1561864895632654339,@jairbolsonaro #Bolsomito,1161090137150971904
1561864445151907840,#globocovarde #bolsomito,42613470
1561864378672111616,@sthemonteiroo Qm √© William Bonner perto do bolsomito,1520036749816352771
1561864062883053569,#GloboLixo JN #bolsomito #BolsonaroReeleitoEm2022,1463353180369014784
1561863938769358848,@erlan_bastos Bolsomito deveria ter simulado outra facada pra n√£o passar vergonha e mentir ao vivo em rede nacional! üòÇ,1272164637577019392
1561863938362458113,@biaalamego Imagina n gostar do bolsomito,1497875969683697665
1561863902056665094,"os caras do meu pr√©dio gritando ""fora Bolsonaro"" 
e os do pr√©dio da frente gritando ""bolsomito"" 
ü§†ü§†",1080152883998441472
1561863778525904896,Caraca mano?!! √â s√©rio q eles v√£o vir com essas narrativas vencidas??? Kkk elegeram o bolsomito!!!,750384035713679360
1561863582404550656,Globo n cansa de ser a janta do bolsomito,3363325684
1561863086063206402,Wilian bonner comendo o cuzinho do bolsomito,1290695624254423042
1561863069688537089,√â BOLSOMITO NELES,2958656110
1561862711524446208,@LilianaN_BR Bolsomito 22,2904840453
1561862619795017729,Kkkkkkkkk globo dando co√ßa no bolsomito e ele com resposta pra tudo ü§£,716039373935001600
1561862594335588353,bolsomito MASSACRANDO a Renata!!!!!!!!,3670965437
1561862537804660737,T√£o fudendo bolsomito e eu to perdendo üò°üò°üò°,131926452
1561862013583851520,Bolsomito se fudendo ao vivo a√≠ que satisfa√ß√£o,1403716952561008642
1561861916011675658,"BolsoMito humilhando os Globolixos, dupla de mentirosos, covardes como √© a m√≠dia marrom, Esquerda nojenta ‚ÄºÔ∏èViva o Presidente Bolsonaro üáßüá∑üáßüá∑üáßüá∑üáßüá∑üáßüá∑üáßüá∑üáßüá∑üáßüá∑üáßüá∑üáßüá∑üáßüá∑üéâüéäüéâüéâüéâüéâüéâüéäüéäüéäüéäüéäüéäüéä",1554843375039381504
1561861276065832961,bolsomito √© foda,1536519171969884164
1561861145597730817,"Bolsomito est√° me jantando...
#BolsonaroNoJN https://t.co/FHburLhHvI",243673978
1561860728671305728,"N√£o tenho est√¥mago pra ver JN mesmo sendo entrevista do Bolsomito. Vou acompanhar a narra√ß√£o dos patriotas aqui no twitter. 

#capitaodopovo #BolsonaroReeleitoEm2022",1233179741257117697
1561860397837197313,Bolsomito na globo,1465863039127896064
1561860319466717188,@forumpandlr Bolsomito dando aula na Globo,1121142656388804611
1561859966285258753,"Isso mesmo, Bolsomito! üëè
#BolsonaroNoJN",1435603346883239937
1561859828577976321,"Bolsomito j√° t√° passando mal, ressecou mais ainda a pele, t√° parecendo um torresmo podre",731122332
1561859799410679810,"Quando o Bolsomito fala, tem que botar a cara de bunda desse William bonner #GloboLixo",1044327617493684226
1561859494421970945,Bora assistir esse debate do bolsomito ü§£ü§£ü§£ü§£,1241480780552994816
1561859334866436098,"√â como se tivesse franca e argentina na proxima copa, vc nao quer que nenhum ganhe mas precisa torcer pra Fran√ßa

#bolsomito",1500697038840905735
1561859180104908805,@choquei Bonner nunca ser√° bolsomito,2572785705
1561858856199897088,"Bora galeraaaaa, bora assistir nosso bolsomitoüòÖüëâ",936286712791289857
1561858356339507202,"ATEN√á√ÉO 
√â CHEGADA O GRANDE MOMENTO BOLSOMITO CONTRA A GLOBOLIXO.",2240537694
1561857661699850243,assistir o bolsomito agr üòé,1290350173483339779
1561856591271530497,Por que cortou a resposta TRAMONTINA DO BOLSOMITO?  #BolsonaroReeleitoEm2022 https://t.co/BX5NZDGa5I,182962956
1561856379861843970,Mais 10 minutos e temos o Bolsomito arrebentando na #globolixo https://t.co/CWg6gAijHh,1376288551608971271
1561855037411934215,AGUARDANDO O BOLSOMITO NA GLOBOLIXO!!! MAIS S√ì COLOCO NO CANAL 1 as 20:29!!!! https://t.co/x6okuTDDUs,4508391880
1561854435122462722,"@joicehasselmann #capitaodopovo #CapitaoDoPovoVaiVencerDeNovo
#bolsonaro22 #bolsonaropresidente #direitaeducadora #fechadocombolsonaro #lulagenocida #direitaconservadora #brasilacimadetudo  #stfmilitarj√° #bolsomito #somostodosbolsonaro #bolsonarotemrazao #bolsonaromito #direitabrasil #mito https://t.co/BrwyUcKw3d",772580326333935616
1561854424267595777,"Como fa√ßo para encontrar o canal da Globo???; Aquele do Jornal, quero ver o BolsoMito...",1500179016527093762
1561853401180393475,"namora mas adora um proibido 
e eu sou bolsonaro
e eu sou bolsomito",25203373
1561853142396010497,@choquei 30 hora pro Bolsomito comer o cu dos mortadelas,1344044648961093632
1561852517784457216,indo ver debate do bolsomito (cont√©m ironia) pra depois estudar üôèüèª,1552337102376951808
1561851148688134144,@silviogrimaldo Bolsomito 22,845406509911719936
1561850723549208576,Bolsomito*,1519325636933869575
1561850414059896833,"@0C0RV0 BolsoMito, meu presida do ‚ù§Ô∏è",1559548799902797824
1561850041836486656,"@brom_elisa Audi√™ncia da Globo hj vai explodir. S√≥ na hora do BolsoMito, claro! ü§£ü§£ü§£",1266106547769413638
1561847824530247682,A esquerda sentiu...BolsoMito no Jornaleko!,1512989481191849984
1561847614710112258,"@hzolini @chico_pinheiro @randolfeap #capitaodopovo #CapitaoDoPovoVaiVencerDeNovo
#bolsonaro22 #bolsonaropresidente #direitaeducadora #fechadocombolsonaro #lulagenocida #direitaconservadora #brasilacimadetudo  #stfmilitarj√° #bolsomito #somostodosbolsonaro #bolsonarotemrazao #bolsonaromito #direitabrasil #mito https://t.co/NjNtUlnBkT",394749628
1561845192763785216,"@hill62733564 OS JUMENTOS ACREDITAM EM PESQUISAS ü§£ü§£ü§£ü§£ 2018 BOLSOMITO PEDIA PARA TODOS , MEDEM ESSA NARRATIVA DE CABE√áA DE CAMAR√ÉO,  OPS! N√ÉO TEM COMO N√â? ü§£ü§£ https://t.co/UqyMzBR5pm",24697503
1561845096672378881,@Rochaallyne hoje joguei santinho de bolsonarista bem na cara bolsomito kkkkkk,610408006
1561844223304994818,@choquei Bolsomito!!! üáßüá∑üáßüá∑üáßüá∑üáßüá∑üáßüá∑üáßüá∑üáßüá∑üáßüá∑,1554568354089910273
1561844178929287169,"Ta chegando a hora!! Melhor que jogo do Brasil em copa do mundo..amendoim,pipoca,frango no forno, pastelzinho,refri...BOLSOMITO X GLOBOLIXO! VAMOS P APOSTAS..PRA MIM VAI TER 7 CORTES RAPIDOS TRAMONTINA E PRA VCS?",1048192422893826048
1561842454072102914,"Olha a cara de preocupado dele rsrsrs

Ihuuuuuu

#Mitonaro
#Bolsomito
#BolsonaroReeleitoNoPrimeiroTurno https://t.co/1Bptoac8pT",1467999389050359817
1561842157937467392,Bolsomito #BolsonaroNoJN,1500508840160382984
1561841215263358977,Hoje o Bolsomito vai no jornal nacional,71279397
1561840591373504513,"mano fui abastecer meu carro coloquei 250$ de gasolina quase encheu o tanque ???? 
.
bolsomito que fala ?? 
@jairbolsonaro",1324007079665934336
1561839517052682246,Hoje ser√° a maior audi√™ncia da globo KKKKKKKKKKKK @jairbolsonaro #BolsonaroReeleitoEm2022 #bolsomito,1265365301119647746
1561838882966093824,Daqui a pouco tem o bolsomito no jornal nacional üòåüáßüá∑,1150175440805552133
1561837446190579713,"Ctz que vai ter um monte de bolsomito que vai achar que ""Bolsonaro 22"" √© o ano da elei√ß√£o e apertar 17 na urna. E depois se revoltar que n√£o apareceu o mito, falar que a urna √© adulterada etc.",710302208173203456
1561837216795705346,"S√≥ um aviso!! Estamos em campanha.üòéüáßüá∑ü§£ü§£
Ass: Rob√¥, Estado Civil: CASADO e com CPF do Bolsomito. https://t.co/Vnbqk5kvS8",
1561836158438576130,"@Zambelli2210 @GeneralGirao √â hoje que o BolsoMito falar√° as verdades que a globolixo esconde na casa dos pr√≥prios militantes.
#CapitaoNoJN üáßüá∑üòéüí™üèª https://t.co/bZVq8AtuCW",
1561830557109084160,@Eduarda45_c @PAGODElRO Bolsomito,
1561828486012190720,"@DoRestilo @marcelorubens #capitaodopovo #CapitaoDoPovoVaiVencerDeNovo
#bolsonaro22 #bolsonaropresidente #direitaeducadora #fechadocombolsonaro #lulagenocida #direitaconservadora #brasilacimadetudo  #stfmilitarj√° #bolsomito #somostodosbolsonaro #bolsonarotemrazao #bolsonaromito #direitabrasil #mito https://t.co/XH3DPybW6W",
1561813440230047744,@rmdgxx Viu o bolsomito,
1561806378196426754,@LulaOficial @Milqf86 BOLSOMITO 22 https://t.co/4orUQZPbbk,
1561796403604643841,@LeoAversa Um sonho: bolsomito responder: pegue a minha e a do meu irm√£o,
1561789899585605635,eu n√£o casei 700tao na vitoria do bolsomito n√£o neü§°ü§° https://t.co/yFHxm2Teck,
1561788702220771329,üòÇüòÇüëçü§ìüáßüá∑üòÇhttps://t.co/bkqhLK7TbO,
1561782686221467654,#Mito #Bolsomito #CapitaoNoPrimeiroTurno #BolsonaroNaGloboLixo #Vote22 https://t.co/iRtc8y1vEu,
1561780127314464770,"@FlavioBolsonaro Tudo que √© bom tem 22 kkkkkk @jairbolsonaro 

#globolixo #aliancapelobrasil #bolsomito #bolsonaropresidente #bolsonarotemraz #direitabrasil  #mulherescombolsonaro #esquerdanuncamais #bolsonarotemrazao #fechadoscombolsonaro #bolsonaro #somostodosbolsonaro #stfvergonhanacional https://t.co/e9ckdWNn69",
1561779632482942976,@jornalnacional @jairbolsonaro @realwbonner @tvglobo @globoplay @g1 EITA QUE VAI TER UMA AUDI√äNCIA QUE FAZ ANOS QUE N√ÉO TEM!!!! DEPOIS QUE ACABAR A ENTREVISTA DO BOLSOMITO JA SABEM N√â?!!!!! VAI VER DESPENCAR TUDO!!!! https://t.co/KXcO8Gpd0b,
1561779361061150720,"acho q vou deixar meu cabelo verde msm
uma vibe mais bolsomito
NDNDJDJDJDJFJEKFJJEKRKR",
1561777833738993665,"Nossa tudo 22 hoje, ainda bem que sou @bolsonaro .

#globolixo #aliancapelobrasil #elesim #bolsomito #bolsonaropresidente #bolsonarotemraz #politica #direitabrasil #mulherescombolsonaro"" #esquerdanuncamais #bolsonarotemrazao #fechadoscombolsonaro #bolsonaro #conservador https://t.co/zghw39Ucmn",
1561776887587823616,@ECantanhede BOLSOMITO!!!!! POIS O LADR√ÉO DO LOULA SO TIROU OS FILHOS DELE DA POBREZA!!!!!!!,
1561774734047576065,@hilde_angel Kkkkkkkkkkkk inveja mataaaa! Aguarde amanh√£ a repercuss√£o do Bolsomito. O cachaceiro vai se roer de raiva!,
1561773698268413952,√â HOJE AS 20:30 DA NOITE QUE O WILLIAM BONNER VAI TER QUE AGUENTAR O BOLSOMITO FALANDO M*RDA,
1561773039594995712,"@ThiagoResiste Kkkkkkkkkkkk ah a inveja, se preparem para a repercuss√£o de Bolsomito amanh√£ ! O zumbi pol√≠tico do ladr√£o vai encher a cara de raiva!",
1561771086731247617,Ou√ßam como ele pron√∫ncia bolsomito..muito lindo..j√° pensaram n√≥s no dia da posse cantando bolsomito...surreal. https://t.co/ObI3TEsE0g,
1561765616364752897,"Vai ter Bonossauro, Bonoro, Biroliro, Bolsonelson, Bolsomito, Bolsa, Bononoro, Bolomisto hoje no Jornal Nacional! William Bonner nem dormiu de tanta raiva kkk e vai ter panela√ßo dos ot√°rios canhotas.",
1561762561875402755,Vamos todos na porta do Projac gritar : Bolsomito Reeleito ! https://t.co/11R3KAkNBU,
1561761714433056770,"@jornalnacional @jairbolsonaro @realwbonner @tvglobo @globoplay @g1 Vai ser no 1¬™ turno, BolsoMito!üáßüá∑ü´° https://t.co/Tf13ZBo1p3",
1561758930325409800,@roni_calma @mrikore vdd s√≥ Deus acima de bolsomito e todos üõê,
1561755751965663235,"@MariaSidinelia @Claudioffontess @jairbolsonaro O fot√≥grafo retratou Bolsonaro livre, do lado de fora, enquanto Luladr√£o atr√°s das grades inveja Bolsomito reeleito! üòÇ https://t.co/MhNyP0YZG3",
